<?xml version="1.0" encoding="UTF-8"?>
<!DOCTYPE struts PUBLIC
"-//Apache Software Foundation//DTD Struts Configuration 2.5//EN"
"http://struts.apache.org/dtds/struts-2.5.dtd">
<struts>
	<constant name="struts.enable.DynamicMethodInvocation"
		value="false" />
	<constant name="struts.devMode" value="false" />
	<package name="default" namespace="/" extends="struts-default">

		<default-action-ref name="index" />

		<action name="index">
			<result>/jsp/index.jsp</result>
		</action>
		
		<action name="register">
			<result>/jsp/register.jsp</result>
		</action>
		
		
 		<action name="login">
			<result>/jsp/login.jsp</result>
		</action>
		<action name="regProcess"
			class="com.abc.miniproject3.action.RegisterAction" method="execute">
			<result name="ThankYou">/jsp/thank_you.jsp</result>
			<result name="reg_fail">/jsp/register.jsp</result>
		</action>
		
		
		<action name="ConfirmEmai">
		<result>/jsp/confirm_email.jsp</result>
	    </action>
		
		<action name="afterconfrim_login">
			<result>/jsp/login.jsp</result>
		</action>
		
		<action name="loginprocess"
			class="com.abc.miniproject3.action.LoginAction" method="execute">
			<result name="login_success">/jsp/abc_home.jsp</result>
			<result name="login_fail">/jsp/login.jsp</result>
		</action>
		
		<action name="logout"
			class="com.abc.miniproject3.action.LoginAction" method="logout">
			<result name="success">jsp/login.jsp</result>
		</action>
		
		<action name="forgetpassword">
			<result>jsp/forgot_password.jsp</result>
		</action>
		
		<action name="findemail"
			class="com.abc.miniproject3.action.LoginAction" method="findemail">
			<result name="success">jsp/reset_password.jsp</result>
			<result name="fail">jsp/emailnotfound.jsp</result>
		</action>
		

	    <action name="forgetPasswordProcess"
			class="com.abc.miniproject3.action.LoginAction" method="updatePassword">
			<result name="success">jsp/login.jsp</result>
		</action> 
		
		<action name="profile" class="com.abc.miniproject3.action.ProfileAction" method="execute">
			<result name="success">/jsp/my_profile.jsp</result>
			<result name="error">/jsp/login.jsp</result>
		</action>
		
		<action name="updateProfile" class="com.abc.miniproject3.action.ProfileAction" method="execute">
			<result name="success">/jsp/edit_profile.jsp</result>
			<result name="error">/jsp/login.jsp</result>
		</action>
		
		
		<action name="updateProfileProcess" class="com.abc.miniproject3.action.ProfileAction" method="updateUser">
			<result name="upd_success">/jsp/my_profile.jsp</result>
			<result name="upd_fail">/jsp/edit_profile.jsp</result>
		</action>
	
		<action name="viewProfile" class="com.abc.miniproject3.action.ViewProfileAction" method="execute">
			<result name="success">/jsp/view_profile.jsp</result>
		</action> 
	</package>
</struts>